{"simple_cnn": {"accuracy": [0.6255508661270142, 0.7009214758872986, 0.7682291865348816, 0.8431490659713745, 0.87890625, 0.8930789232254028, 0.9036458134651184, 0.9104567170143127, 0.915114164352417, 0.916917085647583, 0.9216246008872986, 0.9294871687889099, 0.9321414232254028, 0.9351963400840759, 0.9365484714508057], "loss": [0.6462851166725159, 0.588901162147522, 0.5090690851211548, 0.390800803899765, 0.31534498929977417, 0.278878778219223, 0.2561783492565155, 0.23528769612312317, 0.22424590587615967, 0.2186136245727539, 0.21327254176139832, 0.20648303627967834, 0.19806180894374847, 0.19507145881652832, 0.18944025039672852], "val_accuracy": [0.618436872959137, 0.7581162452697754, 0.8693386912345886, 0.8957915902137756, 0.9034067988395691, 0.917234480381012, 0.9244489073753357, 0.9250500798225403, 0.9220440983772278, 0.914829671382904, 0.9298596978187561, 0.933466911315918, 0.9342685341835022, 0.932264506816864, 0.9326653480529785], "val_loss": [0.6283833980560303, 0.5471271872520447, 0.40885046124458313, 0.29234591126441956, 0.254912793636322, 0.236310213804245, 0.2153426706790924, 0.20520074665546417, 0.20382142066955566, 0.2200280874967575, 0.19664080440998077, 0.1883375197649002, 0.19024896621704102, 0.18655316531658173, 0.1913577914237976]}, "deep_cnn": {"accuracy": [0.7289162874221802, 0.9391025900840759, 0.9457632303237915, 0.9489182829856873, 0.9508213400840759, 0.9551281929016113, 0.9551782608032227, 0.9562800526618958, 0.9569311141967773], "loss": [0.545931875705719, 0.19495892524719238, 0.16826066374778748, 0.1611151248216629, 0.1495397835969925, 0.1414315104484558, 0.13894829154014587, 0.1346251666545868, 0.13224026560783386], "val_accuracy": [0.8961923718452454, 0.9370741248130798, 0.9416833519935608, 0.9388777613639832, 0.9426853656768799, 0.9410821795463562, 0.932264506816864, 0.9378757476806641, 0.9412825703620911], "val_loss": [0.32785892486572266, 0.2510891556739807, 0.23318742215633392, 0.24137276411056519, 0.21146619319915771, 0.22672009468078613, 0.2502738833427429, 0.2237829715013504, 0.20141977071762085]}, "vgg16_tl": {"accuracy": [0.7482972741127014, 0.8674378991127014, 0.8915765285491943, 0.9033453464508057, 0.9098557829856873, 0.9151642918586731, 0.9154146909713745, 0.9175680875778198, 0.9221754670143127, 0.9240284562110901, 0.9249299168586731, 0.9260817170143127, 0.9280849099159241, 0.9282852411270142, 0.927734375], "loss": [0.5196625590324402, 0.3450292944908142, 0.28645578026771545, 0.2561458647251129, 0.2385697066783905, 0.22554509341716766, 0.21904918551445007, 0.21583691239356995, 0.20983447134494781, 0.2035674750804901, 0.20335006713867188, 0.2022397667169571, 0.195359006524086, 0.19726979732513428, 0.19572006165981293], "val_accuracy": [0.848296582698822, 0.8821642994880676, 0.8947895765304565, 0.903607189655304, 0.9018036127090454, 0.903607189655304, 0.9068136215209961, 0.9084168076515198, 0.9050100445747375, 0.9158316850662231, 0.9066132307052612, 0.9072144031524658, 0.9162324666976929, 0.9132264256477356, 0.9188376665115356], "val_loss": [0.40165412425994873, 0.31278273463249207, 0.2713547348976135, 0.25710436701774597, 0.24194374680519104, 0.2361939400434494, 0.2277168333530426, 0.22846317291259766, 0.2329547256231308, 0.21753230690956116, 0.22522002458572388, 0.22906090319156647, 0.21483047306537628, 0.2155110090970993, 0.21164289116859436]}}